<?xml version="1.0" encoding="UTF-8" standalone="yes"?>
<manifest>
  <control namespace="EmailDataSetControlNS" constructor="EmailDataSetControl" version="0.0.1" display-name-key="EmailDataSetControl" description-key="EmailDataSetControl description" control-type="standard" api-version="1.3.14">
    <external-service-usage enabled="false"/>
    <data-set name="emailDataSet" display-name-key="Dataset_Display_Key"/>
    <property name="recordId" display-name-key="recordId" description-key="recordId" of-type="SingleLine.Text" usage="input" required="true"/>
    <resources>
      <code path="bundle.js" order="1"/>
    </resources>
    <feature-usage>
      <uses-feature name="Utility" required="true"/>
      <uses-feature name="WebAPI" required="true"/>
    </feature-usage>
    <built-by name="pac" version="1.32.5"/>
  </control>
</manifest>