<?xml version="1.0" encoding="UTF-8" standalone="yes"?>
<manifest>
  <control namespace="sampledatasetcontrolNS" constructor="sampledatasetcontrol" version="0.0.1" display-name-key="sampledatasetcontrol" description-key="sampledatasetcontrol description" control-type="standard" api-version="1.3.14">
    <external-service-usage enabled="false"/>
    <data-set name="sampleDataSet" display-name-key="Dataset_Display_Key"/>
    <property name="accountid" display-name-key="accountID" description-key="accountID" of-type="SingleLine.Text" usage="input" required="true"/>
    <property name="subgridEntityName" display-name-key="subgridEntityName" description-key="subgridEntityName" of-type="SingleLine.Text" usage="input" required="true"/>
    <property name="lookupFieldName" display-name-key="lookupFieldName" description-key="lookupFieldName" of-type="SingleLine.Text" usage="input" required="true"/>
    <property name="parentEntityName" display-name-key="parentEntityName" description-key="parentEntityName" of-type="SingleLine.Text" usage="input" required="true"/>
    <resources>
      <code path="bundle.js" order="1"/>
    </resources>
    <feature-usage>
      <uses-feature name="Utility" required="true"/>
      <uses-feature name="WebAPI" required="true"/>
    </feature-usage>
    <built-by name="pac" version="1.32.5"/>
  </control>
</manifest>